insert into skills(skillNumID, skillType, attackProperty, damage, subDamage, skillRunDuration, attackFXSlot1, attackFXSlot2, attackFXSlot3, attackFXSlot4) values
                    ("000001000", "MEELE",     "PHYSICS",    "5",      "0",       "1.5",         "FX_SwordSlash_01",    "",         "",             ""); 

insert into skills(skillNumID, skillType, attackProperty, damage, subDamage, skillRunDuration, attackFXSlot1, attackFXSlot2, attackFXSlot3, attackFXSlot4) values
                    ("000002000", "RANGE",  "MAGIC",  "10",      "0",       "1.5",         "FX_Fireball_Shooting_Straight_01",    "",         "",             ""); 

insert into skills(skillNumID, skillType, attackProperty, damage, subDamage, skillRunDuration, attackFXSlot1, attackFXSlot2, attackFXSlot3, attackFXSlot4) values
                    ("000003000", "MEELE",     "PHYSICS",    "10",      "0",       "1.5",         "FX_SwordSlash_01",    "",         "",             ""); 

insert into skills(skillNumID, skillType, attackProperty, damage, subDamage, skillRunDuration, attackFXSlot1, attackFXSlot2, attackFXSlot3, attackFXSlot4) values
                    ("000004000", "MEELE",     "PHYSICS",    "10",      "0",       "1.5",         "CritSpikeExplosionPurple",     "",         "",             "");
insert into skills(skillNumID, skillType, attackProperty, damage, subDamage, skillRunDuration, attackFXSlot1, attackFXSlot2, attackFXSlot3, attackFXSlot4) values
                    ("000000010", "MEELE",     "MAGIC_HEAL",    "0",     "0",       "1.5",         "HealOnce",    "",         "",             ""); 

insert into skills(skillNumID, skillType, attackProperty, damage, subDamage, skillRunDuration, attackFXSlot1, attackFXSlot2, attackFXSlot3, attackFXSlot4) values
                    ("000001010", "MEELE",     "PHYSICS_PIERCING",    "10",      "0",       "1.5",         "SwordImpactEpicGold",    "",         "",             ""); 

insert into skills(skillNumID, skillType, attackProperty, damage, subDamage, skillRunDuration, attackFXSlot1, attackFXSlot2, attackFXSlot3, attackFXSlot4) values
                    ("000002010", "PARTY",     "MAGIC_MULTIPLY",    "0.5",      "0",       "2.5",         "GroundSlamBlue",    "",         "",             ""); 

insert into skills(skillNumID, skillType, attackProperty, damage, subDamage, skillRunDuration, attackFXSlot1, attackFXSlot2, attackFXSlot3, attackFXSlot4) values
                    ("000003010", "MEELE",     "PHYSICS",    "15",      "0",       "1.5",         "StoneExplosion",    "",         "",             ""); 

insert into skills(skillNumID, skillType, attackProperty, damage, subDamage, skillRunDuration, attackFXSlot1, attackFXSlot2, attackFXSlot3, attackFXSlot4) values
                    ("000004010", "MEELE",     "PHYSICS_FATALBLESSING",    "10",      "40",       "1.5",         "CritSpikeExplosionPurple",    "",         "",             "");

insert into skills(skillNumID, skillType, attackProperty, damage, subDamage, skillRunDuration, attackFXSlot1, attackFXSlot2, attackFXSlot3, attackFXSlot4) values
                    ("000000030", "PARTY",     "MAGIC_HEAL_MULTIPLY",    "0.5",      "0",       "2.5",         "FX_RainbowSparkle_01",    "",         "",             ""); 

insert into skills(skillNumID, skillType, attackProperty, damage, subDamage, skillRunDuration, attackFXSlot1, attackFXSlot2, attackFXSlot3, attackFXSlot4) values
                    ("000001030", "PARTY",     "PHYSICS_MULTIPLY",    "0.5",      "0",       "2.5",         "SwordVolleyGold 3 3 3 ",    "",         "",             ""); 

insert into skills(skillNumID, skillType, attackProperty, damage, subDamage, skillRunDuration, attackFXSlot1, attackFXSlot2, attackFXSlot3, attackFXSlot4) values
                    ("000002030", "PARTY",     "MAGIC_MULTIPLY",    "0.5",      "0",       "2.5",         "BarrageShell",    "",         "",             ""); 

insert into skills(skillNumID, skillType, attackProperty, damage, subDamage, skillRunDuration, attackFXSlot1, attackFXSlot2, attackFXSlot3, attackFXSlot4) values
                    ("000003030", "MEELE",     "PHYSICS",    "30",      "0",       "1.5",         "CleaveStone",    "",         "",             ""); 

insert into skills(skillNumID, skillType, attackProperty, damage, subDamage, skillRunDuration, attackFXSlot1, attackFXSlot2, attackFXSlot3, attackFXSlot4) values
                    ("000004030", "MEELE",     "PHYSICS_FATALBLESSING",    "15",      "50",       "1.5",         "SkullExplosionYellow 4 4 4",    "",         "",             "");

insert into skills(skillNumID, skillType, attackProperty, damage, subDamage, skillRunDuration, attackFXSlot1, attackFXSlot2, attackFXSlot3, attackFXSlot4) values
                    ("001000000", "MEELE", "PHYSICS", "2",       "0",       "1.5",       "FX_SwordSlash_01",      "",         "",             ""); 

insert into skills(skillNumID, skillType, attackProperty, damage, subDamage, skillRunDuration, attackFXSlot1, attackFXSlot2, attackFXSlot3, attackFXSlot4) values
                    ("001000100", "MEELE", "PHYSICS", "3",       "0",       "1.5",       "FX_SwordSlash_01",      "",         "",             "");       

insert into skills(skillNumID, skillType, attackProperty, damage, subDamage, skillRunDuration, attackFXSlot1, attackFXSlot2, attackFXSlot3, attackFXSlot4) values
                    ("001000200", "MEELE", "MAGIC", "2",       "0",       "1.5",       "BloodDebuff",      "",         "",             "");       

insert into skills(skillNumID, skillType, attackProperty, damage, subDamage, skillRunDuration, attackFXSlot1, attackFXSlot2, attackFXSlot3, attackFXSlot4) values
                    ("001000300", "MEELE", "PHYSICS", "3",       "0",       "1.5",       "AcidExplosion",      "",         "",             "");                     


insert into skills(skillNumID, skillType, attackProperty, damage, subDamage, skillRunDuration, attackFXSlot1, attackFXSlot2, attackFXSlot3, attackFXSlot4) values
                    ("002000000", "MEELE", "PHYSICS", "5",       "0",       "1.5",       "ChainTargetFire",      "",         "",             ""); 

insert into skills(skillNumID, skillType, attackProperty, damage, subDamage, skillRunDuration, attackFXSlot1, attackFXSlot2, attackFXSlot3, attackFXSlot4) values
                    ("002000100", "MEELE", "PHYSICS", "5",       "0",       "1.5",       "ChainTargetFire",      "",         "",             "");       

insert into skills(skillNumID, skillType, attackProperty, damage, subDamage, skillRunDuration, attackFXSlot1, attackFXSlot2, attackFXSlot3, attackFXSlot4) values
                    ("002000200", "MEELE", "MAGIC", "2",       "0",       "1.5",       "BarrageArrowShadow",      "",         "",             "");       


insert into skills(skillNumID, skillType, attackProperty, damage, subDamage, skillRunDuration, attackFXSlot1, attackFXSlot2, attackFXSlot3, attackFXSlot4) values
                    ("003000000", "MEELE", "PHYSICS", "5",       "0",       "1.5",       "FX_ShardRock_Explosion_01",      "",         "",             ""); 

insert into skills(skillNumID, skillType, attackProperty, damage, subDamage, skillRunDuration, attackFXSlot1, attackFXSlot2, attackFXSlot3, attackFXSlot4) values
                    ("003000100", "MEELE", "MAGIC", "5",       "0",       "1.5",       "FX_ShardMagic_Explosion_01",      "",         "",             "");       

insert into skills(skillNumID, skillType, attackProperty, damage, subDamage, skillRunDuration, attackFXSlot1, attackFXSlot2, attackFXSlot3, attackFXSlot4) values
                    ("003000200", "MEELE", "PHYSICS", "5",       "0",       "1.5",       "FX_ShardVine_Shooting_01",      "",         "",             "");     

insert into skills(skillNumID, skillType, attackProperty, damage, subDamage, skillRunDuration, attackFXSlot1, attackFXSlot2, attackFXSlot3, attackFXSlot4) values
                    ("003000300", "MEELE", "MAGIC", "5",       "0",       "1.5",       "ShadowPurpleExplosion",      "",         "",             ""); 
                      
insert into skills(skillNumID, skillType, attackProperty, damage, subDamage, skillRunDuration, attackFXSlot1, attackFXSlot2, attackFXSlot3, attackFXSlot4) values
                    ("003000400", "MEELE", "PHYSICS", "5",       "0",       "1.5",       "CleaveDark",      "",         "",             ""); 


insert into skills(skillNumID, skillType, attackProperty, damage, subDamage, skillRunDuration, attackFXSlot1, attackFXSlot2, attackFXSlot3, attackFXSlot4) values
                    ("001000001", "MEELE", "PHYSICS", "4",       "0",       "1.5",       "CritSpikeExplosionRed",      "",         "",             ""); 

insert into skills(skillNumID, skillType, attackProperty, damage, subDamage, skillRunDuration, attackFXSlot1, attackFXSlot2, attackFXSlot3, attackFXSlot4) values
                    ("001000101", "MEELE", "PHYSICS", "5",       "0",       "1.5",       "CritSpikeExplosionRed",      "",         "",             "");       

insert into skills(skillNumID, skillType, attackProperty, damage, subDamage, skillRunDuration, attackFXSlot1, attackFXSlot2, attackFXSlot3, attackFXSlot4) values
                    ("001000201", "PARTY", "MAGIC", "-15",       "0",       "1.5",       "DamageAuraShadow",      "",         "",             "");       

insert into skills(skillNumID, skillType, attackProperty, damage, subDamage, skillRunDuration, attackFXSlot1, attackFXSlot2, attackFXSlot3, attackFXSlot4) values
                    ("001000301", "MEELE", "PHYSICS", "3",       "0",       "1.5",       "FX_Fire_Explosion_01",      "",         "",             "");                     

insert into skills(skillNumID, skillType, attackProperty, damage, subDamage, skillRunDuration, attackFXSlot1, attackFXSlot2, attackFXSlot3, attackFXSlot4) values
                    ("002000001", "PARTY", "PHYSICS", "5",       "0",       "2.5",       "FX_ShardRock_Explosion_01",      "",         "",             ""); 

insert into skills(skillNumID, skillType, attackProperty, damage, subDamage, skillRunDuration, attackFXSlot1, attackFXSlot2, attackFXSlot3, attackFXSlot4) values
                    ("002000101", "MEELE", "PHYSICS", "5",       "0",       "1.5",       "BarrageArrowShadow",      "",         "",             "");       

insert into skills(skillNumID, skillType, attackProperty, damage, subDamage, skillRunDuration, attackFXSlot1, attackFXSlot2, attackFXSlot3, attackFXSlot4) values
                    ("002000201", "PARTY", "MAGIC", "2",       "0",       "2.5",       "DeathFire",      "",         "",             "");       


insert into skills(skillNumID, skillType, attackProperty, damage, subDamage, skillRunDuration, attackFXSlot1, attackFXSlot2, attackFXSlot3, attackFXSlot4) values
                    ("003000001", "MEELE", "PHYSICS", "15",       "0",       "1.5",       "FX_GroundCrack_Blast_01",      "",         "",             ""); 

insert into skills(skillNumID, skillType, attackProperty, damage, subDamage, skillRunDuration, attackFXSlot1, attackFXSlot2, attackFXSlot3, attackFXSlot4) values
                    ("003000101", "PARTY", "PHYSICS", "-10",       "0",       "2.5",       "SpikeWaveSapphire",      "",         "",             "");       

insert into skills(skillNumID, skillType, attackProperty, damage, subDamage, skillRunDuration, attackFXSlot1, attackFXSlot2, attackFXSlot3, attackFXSlot4) values
                    ("003000201", "PARTY", "PHYSICS", "-10",       "0",       "2.5",       "SpikeWaveStoneBig",      "",         "",             "");     

insert into skills(skillNumID, skillType, attackProperty, damage, subDamage, skillRunDuration, attackFXSlot1, attackFXSlot2, attackFXSlot3, attackFXSlot4) values
                    ("003000301", "PARTY", "MAGIC", "5",       "0",       "1.5",       "DeathAcid",      "",         "",             ""); 
                      
insert into skills(skillNumID, skillType, attackProperty, damage, subDamage, skillRunDuration, attackFXSlot1, attackFXSlot2, attackFXSlot3, attackFXSlot4) values
                    ("003000401", "PARTY", "PHYSICS", "5",       "0",       "1.5",       "FX_Explosion_Large_Dark_01",      "",         "",             ""); 



insert into skilldetailinfotbl(skillNumID, name, description) values
				("001000000", "", "뒤틀린 황천의 의상");
insert into skilldetailinfotbl(skillNumID, name, description) values
				("001000100", "", "뒤틀린 황천의 의상");
insert into skilldetailinfotbl(skillNumID, name, description) values
				("001000200", "", "뒤틀린 황천의 의상");
insert into skilldetailinfotbl(skillNumID, name, description) values
				("001000300", "", "뒤틀린 황천의 의상");
insert into skilldetailinfotbl(skillNumID, name, description) values
				("002000000", "", "뒤틀린 황천의 의상");
insert into skilldetailinfotbl(skillNumID, name, description) values
				("002000100", "", "뒤틀린 황천의 의상");
insert into skilldetailinfotbl(skillNumID, name, description) values
				("002000200", "", "뒤틀린 황천의 의상");
insert into skilldetailinfotbl(skillNumID, name, description) values
				("003000000", "", "뒤틀린 황천의 의상");
insert into skilldetailinfotbl(skillNumID, name, description) values
				("003000100", "", "뒤틀린 황천의 의상");
insert into skilldetailinfotbl(skillNumID, name, description) values
				("003000200", "", "뒤틀린 황천의 의상");
insert into skilldetailinfotbl(skillNumID, name, description) values
				("003000300", "", "뒤틀린 황천의 의상");
insert into skilldetailinfotbl(skillNumID, name, description) values
				("003000400", "", "뒤틀린 황천의 의상");
insert into skilldetailinfotbl(skillNumID, name, description) values
				("001000001", "", "뒤틀린 황천의 의상");
insert into skilldetailinfotbl(skillNumID, name, description) values
				("001000101", "", "뒤틀린 황천의 의상");
insert into skilldetailinfotbl(skillNumID, name, description) values
				("001000201", "", "뒤틀린 황천의 의상");
insert into skilldetailinfotbl(skillNumID, name, description) values
				("001000301", "", "뒤틀린 황천의 의상");



insert into skilldetailinfotbl(skillNumID, name, description) values
				("002000001", "", "뒤틀린 황천의 의상");
insert into skilldetailinfotbl(skillNumID, name, description) values
				("002000101", "", "뒤틀린 황천의 의상");
insert into skilldetailinfotbl(skillNumID, name, description) values
				("002000201", "", "뒤틀린 황천의 의상");

insert into skilldetailinfotbl(skillNumID, name, description) values
				("003000001", "", "뒤틀린 황천의 의상");
insert into skilldetailinfotbl(skillNumID, name, description) values
				("003000101", "", "뒤틀린 황천의 의상");
insert into skilldetailinfotbl(skillNumID, name, description) values
				("003000201", "", "뒤틀린 황천의 의상");
insert into skilldetailinfotbl(skillNumID, name, description) values
				("003000301", "", "뒤틀린 황천의 의상");
insert into skilldetailinfotbl(skillNumID, name, description) values
				("003000401", "", "뒤틀린 황천의 의상");







// 캐릭터 스킬 등록
INSERT INTO character_skill_info(chrID, skillNumID) VALUES('01000000','000000000');
INSERT INTO character_skill_info(chrID, skillNumID) VALUES('01000001','000001000');
INSERT INTO character_skill_info(chrID, skillNumID) VALUES('01000002','000002000');
INSERT INTO character_skill_info(chrID, skillNumID) VALUES('01000003','000003000');
INSERT INTO character_skill_info(chrID, skillNumID) VALUES('01000004','000004000');
INSERT INTO character_skill_info(chrID, skillNumID) VALUES('01000000','000000010');
INSERT INTO character_skill_info(chrID, skillNumID) VALUES('01000001','000001010');
INSERT INTO character_skill_info(chrID, skillNumID) VALUES('01000002','000002010');
INSERT INTO character_skill_info(chrID, skillNumID) VALUES('01000003','000003010');
INSERT INTO character_skill_info(chrID, skillNumID) VALUES('01000004','000004010');
INSERT INTO character_skill_info(chrID, skillNumID) VALUES('01000004','000004010');




// 에네미 스킬등록
INSERT INTO character_skill_info(chrID, skillNumID) VALUES('02000000','001000000');
INSERT INTO character_skill_info(chrID, skillNumID) VALUES('02000001','001000100');
INSERT INTO character_skill_info(chrID, skillNumID) VALUES('02000002','001000200');
INSERT INTO character_skill_info(chrID, skillNumID) VALUES('02000003','001000300');

INSERT INTO character_skill_info(chrID, skillNumID) VALUES('03000000','002000000');
INSERT INTO character_skill_info(chrID, skillNumID) VALUES('03000001','002000100');
INSERT INTO character_skill_info(chrID, skillNumID) VALUES('03000002','002000200');

INSERT INTO character_skill_info(chrID, skillNumID) VALUES('04000000','003000000');
INSERT INTO character_skill_info(chrID, skillNumID) VALUES('04000001','003000100');
INSERT INTO character_skill_info(chrID, skillNumID) VALUES('04000002','003000200');
INSERT INTO character_skill_info(chrID, skillNumID) VALUES('04000003','003000300');
INSERT INTO character_skill_info(chrID, skillNumID) VALUES('04000004','003000400');




// 에네미 특수 스킬 
INSERT INTO character_skill_info(chrID, skillNumID) VALUES('02000000','001000001');
INSERT INTO character_skill_info(chrID, skillNumID) VALUES('02000001','001000101');
INSERT INTO character_skill_info(chrID, skillNumID) VALUES('02000002','001000201');
INSERT INTO character_skill_info(chrID, skillNumID) VALUES('02000003','001000301');

INSERT INTO character_skill_info(chrID, skillNumID) VALUES('03000000','002000001');
INSERT INTO character_skill_info(chrID, skillNumID) VALUES('03000001','002000101');
INSERT INTO character_skill_info(chrID, skillNumID) VALUES('03000002','002000201');

INSERT INTO character_skill_info(chrID, skillNumID) VALUES('04000000','003000001');
INSERT INTO character_skill_info(chrID, skillNumID) VALUES('04000001','003000101');
INSERT INTO character_skill_info(chrID, skillNumID) VALUES('04000002','003000201');
INSERT INTO character_skill_info(chrID, skillNumID) VALUES('04000003','003000301');
INSERT INTO character_skill_info(chrID, skillNumID) VALUES('04000004','003000401');


// 캐릭터 추가 
INSERT INTO charactername(chr_ID, chr_NAME, chr_INFO, chr_Type) VALUE ('01000005', 'Priest', '클레릭', 'MAGIC');
INSERT INTO charactername(chr_ID, chr_NAME, chr_INFO, chr_Type) VALUE ('01000006', 'Paladin', '팔라딘', 'CompositionB');
INSERT INTO charactername(chr_ID, chr_NAME, chr_INFO, chr_Type) VALUE ('01000007', 'Wizard', '위자드', 'MAGIC');
INSERT INTO charactername(chr_ID, chr_NAME, chr_INFO, chr_Type) VALUE ('01000008', 'Berserker', '버서커', 'PHYSICS');
INSERT INTO charactername(chr_ID, chr_NAME, chr_INFO, chr_Type) VALUE ('01000009', 'Assashin', '어쎼신', 'CompositionB');

// 캐릭터 스텟 추가
INSERT INTO characterstat(chrID, damage, defense, mdamage, mdefense, criticalRate, healthy, forceLife) VALUES('01000005', '7', '7', '7', '7','7','7','45');
INSERT INTO characterstat(chrID, damage, defense, mdamage, mdefense, criticalRate, healthy, forceLife) VALUES('01000006', '7', '7', '7', '7','7','7','45');
INSERT INTO characterstat(chrID, damage, defense, mdamage, mdefense, criticalRate, healthy, forceLife) VALUES('01000007', '7', '7', '7', '7','7','7','45');
INSERT INTO characterstat(chrID, damage, defense, mdamage, mdefense, criticalRate, healthy, forceLife) VALUES('01000008', '7', '7', '7', '7','7','7','45');
INSERT INTO characterstat(chrID, damage, defense, mdamage, mdefense, criticalRate, healthy, forceLife) VALUES('01000009', '7', '7', '7', '7','7','7','45');

// 캐릭터 스킬 추가
INSERT INTO character_skill_info a(a.chrID, a.skillNumID)VALUES
('01000005','000000000');
INSERT INTO character_skill_info a(a.chrID, a.skillNumID)VALUES
('01000005','000000030');
INSERT INTO character_skill_info a(a.chrID, a.skillNumID)VALUES
('01000006','000001000');
INSERT INTO character_skill_info a(a.chrID, a.skillNumID)VALUES
('01000006','000001030');

INSERT INTO character_skill_info a(a.chrID, a.skillNumID)VALUES
('01000007','000002000');
INSERT INTO character_skill_info a(a.chrID, a.skillNumID)VALUES
('01000007','000002030');
INSERT INTO character_skill_info a(a.chrID, a.skillNumID)VALUES
('01000008','000003000');
INSERT INTO character_skill_info a(a.chrID, a.skillNumID)VALUES
('01000008','000003030');

INSERT INTO character_skill_info a(a.chrID, a.skillNumID)VALUES
('01000009','000004000');
INSERT INTO character_skill_info a(a.chrID, a.skillNumID)VALUES
('01000009','000004030');